,hamming_loss,micro_f1,macro_f1,precision@1,precision@3,precision@5
logistic_regression,0.5114285714285715,0.5,0.4975318760987129,0.54,0.48666666666666664,0.5119999999999998
svm,0.4942857142857143,0.5234159779614325,0.5177443094251182,0.52,0.5033333333333334,0.5219999999999999
perceptron,0.49857142857142855,0.5118881118881119,0.5090352857056711,0.59,0.5066666666666667,0.5119999999999998
online_perceptron,0.5242857142857142,0.4823695345557123,0.4791967608131494,0.54,0.4699999999999999,0.4879999999999996
dnn,0.49714285714285716,0.5583756345177665,0.5441217986131944,0.55,0.53,0.5039999999999999
